Nodes Searched,Nodes Left
3,49997
12,49985
17,49968
36,49932
83,49849
19,49830
25,49805
83,49722
43,49679
27,49652
39,49613
49,49564
39,49525
52,49473
68,49405
71,49334
48,49286
99,49187
70,49117
49,49068
55,49013
46,48967
78,48889
27,48862
81,48781
64,48717
75,48642
50,48592
55,48537
10,48527
49,48478
10,48468
9,48459
18,48441
2,48439
15,48424
10,48414
28,48386
5,48381
82,48299
30,48269
22,48247
8,48239
16,48223
14,48209
7,48202
8,48194
7,48187
2,48185
6,48179
3,48176
5,48171
6,48165
2,48163
7,48156
33,48123
10,48113
8,48105
22,48083
20,48063
12,48051
20,48031
12,48019
12,48007
15,47992
4,47988
2,47986
5,47981
3,47978
4,47974
6,47968
2,47966
7,47959
8,47951
4,47947
3,47944
3,47941
42,47899
25,47874
47,47827
46,47781
47,47734
40,47694
38,47656
48,47608
27,47581
13,47568
5,47563
13,47550
28,47522
14,47508
24,47484
4,47480
33,47447
35,47412
33,47379
48,47331
34,47297
36,47261
61,47200
63,47137
77,47060
28,47032
74,46958
80,46878
75,46803
51,46752
53,46699
60,46639
49,46590
41,46549
16,46533
66,46467
67,46400
74,46326
79,46247
34,46213
20,46193
15,46178
10,46168
36,46132
20,46112
8,46104
28,46076
144,45932
29,45903
43,45860
78,45782
32,45750
36,45714
35,45679
29,45650
30,45620
44,45576
7,45569
6,45563
7,45556
11,45545
12,45533
5,45528
17,45511
98,45413
15,45398
16,45382
14,45368
33,45335
23,45312
44,45268
56,45212
102,45110
32,45078
104,44974
148,44826
82,44744
29,44715
84,44631
66,44565
57,44508
42,44466
101,44365
77,44288
43,44245
16,44229
25,44204
108,44096
97,43999
90,43909
54,43855
51,43804
32,43772
95,43677
58,43619
83,43536
18,43518
45,43473
7,43466
23,43443
8,43435
20,43415
19,43396
10,43386
8,43378
19,43359
50,43309
78,43231
33,43198
41,43157
41,43116
42,43074
32,43042
29,43013
41,42972
36,42936
29,42907
37,42870
56,42814
28,42786
33,42753
52,42701
57,42644
42,42602
78,42524
37,42487
19,42468
82,42386
47,42339
31,42308
44,42264
44,42220
47,42173
37,42136
21,42115
37,42078
67,42011
31,41980
10,41970
21,41949
24,41925
17,41908
20,41888
29,41859
18,41841
33,41808
22,41786
30,41756
17,41739
14,41725
15,41710
20,41690
6,41684
23,41661
12,41649
6,41643
21,41622
14,41608
9,41599
7,41592
4,41588
12,41576
14,41562
20,41542
16,41526
13,41513
32,41481
10,41471
10,41461
36,41425
43,41382
7,41375
52,41323
28,41295
34,41261
22,41239
34,41205
27,41178
25,41153
28,41125
23,41102
26,41076
23,41053
20,41033
26,41007
25,40982
25,40957
26,40931
28,40903
26,40877
25,40852
46,40806
28,40778
24,40754
32,40722
29,40693
22,40671
26,40645
28,40617
27,40590
26,40564
26,40538
32,40506
40,40466
21,40445
20,40425
24,40401
24,40377
22,40355
24,40331
17,40314
24,40290
20,40270
17,40253
27,40226
18,40208
22,40186
11,40175
25,40150
24,40126
17,40109
21,40088
35,40053
16,40037
31,40006
19,39987
46,39941
17,39924
17,39907
21,39886
31,39855
19,39836
20,39816
16,39800
29,39771
18,39753
22,39731
17,39714
20,39694
21,39673
18,39655
23,39632
18,39614
18,39596
21,39575
22,39553
13,39540
17,39523
31,39492
23,39469
27,39442
21,39421
17,39404
28,39376
13,39363
20,39343
45,39298
19,39279
22,39257
22,39235
25,39210
13,39197
12,39185
24,39161
14,39147
15,39132
23,39109
40,39069
20,39049
23,39026
20,39006
17,38989
23,38966
22,38944
21,38923
17,38906
22,38884
19,38865
18,38847
7,38840
19,38821
35,38786
6,38780
20,38760
26,38734
16,38718
14,38704
18,38686
7,38679
27,38652
8,38644
19,38625
19,38606
10,38596
15,38581
20,38561
7,38554
17,38537
8,38529
21,38508
18,38490
18,38472
9,38463
14,38449
17,38432
9,38423
15,38408
9,38399
18,38381
14,38367
12,38355
18,38337
14,38323
11,38312
14,38298
12,38286
14,38272
22,38250
2,38248
11,38237
16,38221
3,38218
13,38205
11,38194
13,38181
16,38165
4,38161
9,38152
16,38136
18,38118
13,38105
18,38087
8,38079
14,38065
10,38055
12,38043
14,38029
9,38020
9,38011
15,37996
15,37981
9,37972
16,37956
11,37945
17,37928
13,37915
12,37903
14,37889
10,37879
14,37865
8,37857
12,37845
12,37833
12,37821
21,37800
12,37788
14,37774
9,37765
10,37755
10,37745
14,37731
9,37722
14,37708
11,37697
7,37690
16,37674
16,37658
15,37643
13,37630
9,37621
11,37610
9,37601
13,37588
11,37577
12,37565
8,37557
8,37549
15,37534
7,37527
15,37512
8,37504
16,37488
15,37473
15,37458
8,37450
12,37438
8,37430
7,37423
16,37407
10,37397
12,37385
10,37375
16,37359
8,37351
13,37338
10,37328
9,37319
8,37311
11,37300
16,37284
7,37277
7,37270
11,37259
9,37250
22,37228
18,37210
10,37200
9,37191
7,37184
16,37168
11,37157
13,37144
8,37136
13,37123
9,37114
10,37104
13,37091
4,37087
12,37075
15,37060
6,37054
8,37046
14,37032
7,37025
8,37017
11,37006
7,36999
9,36990
11,36979
9,36970
11,36959
8,36951
8,36943
10,36933
9,36924
8,36916
10,36906
10,36896
7,36889
12,36877
7,36870
11,36859
14,36845
27,36818
9,36809
5,36804
7,36797
16,36781
12,36769
10,36759
9,36750
7,36743
11,36732
9,36723
6,36717
11,36706
6,36700
8,36692
9,36683
10,36673
10,36663
9,36654
11,36643
8,36635
6,36629
7,36622
10,36612
8,36604
9,36595
13,36582
9,36573
11,36562
10,36552
4,36548
9,36539
6,36533
12,36521
7,36514
4,36510
17,36493
5,36488
7,36481
9,36472
9,36463
5,36458
7,36451
18,36433
10,36423
6,36417
11,36406
8,36398
6,36392
6,36386
12,36374
9,36365
7,36358
8,36350
10,36340
5,36335
10,36325
8,36317
12,36305
6,36299
7,36292
8,36284
11,36273
4,36269
7,36262
11,36251
12,36239
6,36233
6,36227
9,36218
10,36208
6,36202
9,36193
8,36185
10,36175
9,36166
14,36152
9,36143
9,36134
4,36130
9,36121
6,36115
10,36105
7,36098
8,36090
8,36082
10,36072
14,36058
7,36051
12,36039
7,36032
5,36027
7,36020
9,36011
11,36000
14,35986
3,35983
8,35975
10,35965
8,35957
4,35953
9,35944
9,35935
6,35929
8,35921
8,35913
4,35909
14,35895
7,35888
8,35880
6,35874
7,35867
10,35857
9,35848
9,35839
8,35831
5,35826
10,35816
8,35808
6,35802
7,35795
8,35787
9,35778
4,35774
11,35763
5,35758
9,35749
12,35737
8,35729
5,35724
8,35716
5,35711
10,35701
11,35690
8,35682
11,35671
3,35668
11,35657
7,35650
5,35645
7,35638
6,35632
7,35625
11,35614
4,35610
7,35603
5,35598
10,35588
9,35579
8,35571
7,35564
5,35559
17,35542
6,35536
6,35530
6,35524
9,35515
10,35505
4,35501
13,35488
8,35480
5,35475
8,35467
6,35461
6,35455
8,35447
6,35441
7,35434
6,35428
10,35418
6,35412
9,35403
9,35394
3,35391
9,35382
12,35370
4,35366
11,35355
6,35349
8,35341
12,35329
7,35322
5,35317
9,35308
11,35297
4,35293
7,35286
5,35281
8,35273
6,35267
10,35257
8,35249
5,35244
7,35237
4,35233
8,35225
5,35220
21,35199
4,35195
7,35188
6,35182
7,35175
6,35169
7,35162
9,35153
5,35148
11,35137
5,35132
7,35125
5,35120
7,35113
6,35107
9,35098
7,35091
6,35085
8,35077
6,35071
7,35064
6,35058
8,35050
8,35042
6,35036
6,35030
7,35023
4,35019
8,35011
5,35006
9,34997
5,34992
23,34969
7,34962
6,34956
6,34950
7,34943
7,34936
4,34932
14,34918
6,34912
6,34906
5,34901
6,34895
6,34889
7,34882
5,34877
7,34870
8,34862
10,34852
7,34845
6,34839
7,34832
5,34827
7,34820
5,34815
6,34809
6,34803
10,34793
4,34789
9,34780
4,34776
8,34768
8,34760
8,34752
3,34749
7,34742
7,34735
8,34727
8,34719
6,34713
6,34707
7,34700
6,34694
7,34687
5,34682
7,34675
5,34670
7,34663
6,34657
10,34647
5,34642
9,34633
13,34620
3,34617
7,34610
7,34603
8,34595
4,34591
5,34586
10,34576
7,34569
3,34566
9,34557
7,34550
4,34546
9,34537
3,34534
7,34527
6,34521
9,34512
4,34508
10,34498
4,34494
7,34487
3,34484
8,34476
5,34471
7,34464
5,34459
12,34447
10,34437
8,34429
6,34423
6,34417
8,34409
12,34397
3,34394
8,34386
6,34380
6,34374
7,34367
4,34363
10,34353
8,34345
5,34340
6,34334
5,34329
6,34323
7,34316
4,34312
8,34304
5,34299
6,34293
11,34282
7,34275
7,34268
7,34261
5,34256
7,34249
4,34245
7,34238
6,34232
3,34229
9,34220
4,34216
9,34207
3,34204
7,34197
5,34192
9,34183
5,34178
5,34173
7,34166
5,34161
6,34155
6,34149
8,34141
4,34137
8,34129
6,34123
5,34118
9,34109
5,34104
7,34097
5,34092
9,34083
4,34079
5,34074
6,34068
9,34059
7,34052
6,34046
6,34040
4,34036
5,34031
8,34023
5,34018
7,34011
4,34007
5,34002
8,33994
7,33987
7,33980
5,33975
10,33965
5,33960
6,33954
12,33942
7,33935
3,33932
8,33924
4,33920
7,33913
5,33908
6,33902
6,33896
8,33888
7,33881
3,33878
7,33871
4,33867
8,33859
8,33851
7,33844
4,33840
7,33833
6,33827
5,33822
7,33815
4,33811
7,33804
4,33800
5,33795
6,33789
8,33781
8,33773
4,33769
6,33763
6,33757
7,33750
9,33741
4,33737
6,33731
15,33716
5,33711
7,33704
4,33700
5,33695
7,33688
5,33683
8,33675
7,33668
4,33664
8,33656
5,33651
6,33645
6,33639
4,33635
6,33629
4,33625
9,33616
14,33602
5,33597
5,33592
6,33586
4,33582
5,33577
7,33570
3,33567
7,33560
5,33555
4,33551
8,33543
5,33538
9,33529
3,33526
6,33520
7,33513
4,33509
5,33504
6,33498
5,33493
6,33487
6,33481
7,33474
7,33467
4,33463
9,33454
5,33449
4,33445
7,33438
5,33433
4,33429
6,33423
5,33418
7,33411
5,33406
4,33402
8,33394
4,33390
5,33385
6,33379
4,33375
6,33369
7,33362
3,33359
8,33351
4,33347
4,33343
7,33336
6,33330
5,33325
10,33315
5,33310
6,33304
5,33299
4,33295
8,33287
5,33282
10,33272
6,33266
6,33260
4,33256
6,33250
6,33244
5,33239
4,33235
7,33228
6,33222
6,33216
6,33210
5,33205
4,33201
8,33193
3,33190
11,33179
4,33175
7,33168
6,33162
5,33157
4,33153
6,33147
5,33142
6,33136
5,33131
7,33124
6,33118
4,33114
4,33110
8,33102
3,33099
9,33090
8,33082
4,33078
3,33075
5,33070
3,33067
3,33064
7,33057
9,33048
5,33043
6,33037
3,33034
3,33031
3,33028
2,33026
9,33017
5,33012
3,33009
2,33007
7,33000
4,32996
5,32991
5,32986
7,32979
5,32974
2,32972
3,32969
2,32967
4,32963
4,32959
7,32952
4,32948
7,32941
3,32938
5,32933
7,32926
3,32923
5,32918
3,32915
5,32910
4,32906
6,32900
6,32894
3,32891
5,32886
3,32883
2,32881
6,32875
6,32869
4,32865
4,32861
2,32859
7,32852
3,32849
5,32844
5,32839
4,32835
2,32833
7,32826
2,32824
3,32821
3,32818
3,32815
3,32812
7,32805
5,32800
7,32793
4,32789
9,32780
7,32773
5,32768
4,32764
8,32756
8,32748
3,32745
7,32738
3,32735
6,32729
6,32723
4,32719
5,32714
8,32706
2,32704
7,32697
2,32695
9,32686
6,32680
2,32678
7,32671
5,32666
4,32662
2,32660
6,32654
2,32652
6,32646
3,32643
2,32641
5,32636
7,32629
8,32621
3,32618
5,32613
3,32610
7,32603
4,32599
5,32594
10,32584
4,32580
8,32572
5,32567
4,32563
8,32555
4,32551
4,32547
6,32541
7,32534
4,32530
4,32526
8,32518
4,32514
4,32510
7,32503
5,32498
4,32494
6,32488
7,32481
5,32476
8,32468
4,32464
5,32459
6,32453
4,32449
4,32445
6,32439
6,32433
5,32428
4,32424
7,32417
5,32412
4,32408
8,32400
4,32396
5,32391
4,32387
6,32381
8,32373
6,32367
4,32363
5,32358
5,32353
4,32349
4,32345
5,32340
5,32335
8,32327
4,32323
4,32319
7,32312
4,32308
11,32297
5,32292
6,32286
5,32281
6,32275
6,32269
4,32265
10,32255
9,32246
10,32236
8,32228
4,32224
6,32218
4,32214
8,32206
6,32200
5,32195
5,32190
8,32182
4,32178
4,32174
5,32169
7,32162
4,32158
4,32154
6,32148
6,32142
3,32139
7,32132
1,32131
8,32123
11,32112
5,32107
3,32104
6,32098
5,32093
5,32088
4,32084
7,32077
5,32072
3,32069
5,32064
8,32056
4,32052
5,32047
7,32040
5,32035
5,32030
3,32027
7,32020
5,32015
4,32011
6,32005
4,32001
3,31998
4,31994
8,31986
4,31982
4,31978
5,31973
8,31965
5,31960
4,31956
5,31951
6,31945
4,31941
7,31934
6,31928
5,31923
5,31918
4,31914
11,31903
5,31898
7,31891
6,31885
4,31881
2,31879
6,31873
6,31867
3,31864
5,31859
6,31853
5,31848
5,31843
4,31839
7,31832
4,31828
5,31823
7,31816
5,31811
4,31807
7,31800
7,31793
4,31789
5,31784
5,31779
5,31774
3,31771
5,31766
9,31757
4,31753
4,31749
4,31745
10,31735
3,31732
5,31727
4,31723
8,31715
7,31708
3,31705
7,31698
4,31694
9,31685
6,31679
6,31673
4,31669
5,31664
7,31657
5,31652
5,31647
6,31641
4,31637
6,31631
3,31628
7,31621
5,31616
6,31610
5,31605
5,31600
5,31595
5,31590
5,31585
11,31574
3,31571
6,31565
6,31559
8,31551
5,31546
7,31539
4,31535
4,31531
4,31527
7,31520
4,31516
7,31509
6,31503
4,31499
4,31495
4,31491
4,31487
8,31479
3,31476
5,31471
6,31465
4,31461
5,31456
5,31451
7,31444
4,31440
5,31435
5,31430
8,31422
1,31421
4,31417
6,31411
4,31407
6,31401
5,31396
4,31392
7,31385
4,31381
5,31376
5,31371
6,31365
4,31361
6,31355
5,31350
2,31348
7,31341
5,31336
3,31333
6,31327
6,31321
4,31317
7,31310
5,31305
9,31296
8,31288
11,31277
3,31274
6,31268
4,31264
2,31262
7,31255
4,31251
4,31247
5,31242
8,31234
4,31230
4,31226
4,31222
7,31215
5,31210
4,31206
12,31194
6,31188
1,31187
7,31180
7,31173
5,31168
4,31164
5,31159
6,31153
5,31148
3,31145
5,31140
4,31136
7,31129
10,31119
2,31117
7,31110
6,31104
5,31099
3,31096
7,31089
5,31084
4,31080
4,31076
7,31069
4,31065
5,31060
4,31056
2,31054
7,31047
6,31041
5,31036
5,31031
6,31025
5,31020
4,31016
5,31011
5,31006
5,31001
5,30996
5,30991
1,30990
7,30983
4,30979
4,30975
7,30968
7,30961
3,30958
6,30952
5,30947
10,30937
5,30932
5,30927
3,30924
3,30921
6,30915
5,30910
7,30903
7,30896
5,30891
5,30886
4,30882
5,30877
7,30870
5,30865
4,30861
4,30857
4,30853
9,30844
10,30834
6,30828
8,30820
4,30816
5,30811
6,30805
6,30799
5,30794
1,30793
7,30786
7,30779
4,30775
5,30770
5,30765
6,30759
5,30754
4,30750
5,30745
6,30739
2,30737
6,30731
5,30726
3,30723
8,30715
5,30710
5,30705
4,30701
5,30696
5,30691
6,30685
6,30679
3,30676
5,30671
6,30665
4,30661
6,30655
3,30652
8,30644
5,30639
5,30634
4,30630
7,30623
3,30620
3,30617
5,30612
4,30608
7,30601
4,30597
7,30590
4,30586
4,30582
9,30573
5,30568
2,30566
4,30562
5,30557
12,30545
4,30541
4,30537
8,30529
3,30526
5,30521
4,30517
4,30513
6,30507
4,30503
6,30497
4,30493
5,30488
6,30482
10,30472
9,30463
7,30456
4,30452
6,30446
6,30440
7,30433
3,30430
5,30425
6,30419
5,30414
5,30409
2,30407
5,30402
5,30397
6,30391
5,30386
5,30381
5,30376
6,30370
3,30367
7,30360
2,30358
5,30353
8,30345
6,30339
6,30333
5,30328
4,30324
5,30319
8,30311
5,30306
2,30304
4,30300
5,30295
4,30291
7,30284
4,30280
5,30275
4,30271
6,30265
6,30259
2,30257
5,30252
7,30245
4,30241
11,30230
4,30226
4,30222
5,30217
9,30208
4,30204
3,30201
3,30198
8,30190
6,30184
6,30178
4,30174
6,30168
4,30164
7,30157
1,30156
5,30151
6,30145
4,30141
7,30134
3,30131
6,30125
4,30121
4,30117
7,30110
2,30108
7,30101
10,30091
9,30082
5,30077
4,30073
6,30067
3,30064
8,30056
4,30052
6,30046
4,30042
4,30038
7,30031
5,30026
5,30021
5,30016
3,30013
5,30008
5,30003
4,29999
5,29994
4,29990
9,29981
4,29977
7,29970
3,29967
10,29957
4,29953
5,29948
5,29943
5,29938
6,29932
5,29927
4,29923
3,29920
6,29914
3,29911
8,29903
4,29899
6,29893
4,29889
3,29886
7,29879
8,29871
2,29869
4,29865
7,29858
9,29849
4,29845
4,29841
5,29836
4,29832
8,29824
2,29822
5,29817
4,29813
4,29809
6,29803
5,29798
5,29793
4,29789
6,29783
3,29780
5,29775
6,29769
4,29765
5,29760
5,29755
5,29750
6,29744
5,29739
2,29737
5,29732
7,29725
11,29714
5,29709
5,29704
4,29700
6,29694
7,29687
5,29682
3,29679
4,29675
5,29670
5,29665
8,29657
5,29652
5,29647
1,29646
5,29641
7,29634
4,29630
5,29625
4,29621
5,29616
5,29611
7,29604
2,29602
4,29598
6,29592
4,29588
5,29583
7,29576
5,29571
5,29566
4,29562
2,29560
5,29555
7,29548
5,29543
3,29540
5,29535
5,29530
8,29522
3,29519
4,29515
5,29510
4,29506
10,29496
7,29489
4,29485
5,29480
7,29473
2,29471
7,29464
3,29461
6,29455
5,29450
5,29445
5,29440
7,29433
5,29428
2,29426
4,29422
6,29416
6,29410
7,29403
4,29399
5,29394
4,29390
4,29386
5,29381
5,29376
5,29371
11,29360
6,29354
7,29347
4,29343
2,29341
6,29335
11,29324
13,29311
4,29307
5,29302
2,29300
4,29296
8,29288
4,29284
5,29279
4,29275
5,29270
5,29265
4,29261
6,29255
4,29251
6,29245
5,29240
4,29236
7,29229
4,29225
5,29220
4,29216
5,29211
4,29207
7,29200
6,29194
5,29189
2,29187
5,29182
4,29178
8,29170
4,29166
6,29160
3,29157
4,29153
4,29149
6,29143
5,29138
4,29134
5,29129
8,29121
4,29117
10,29107
2,29105
8,29097
4,29093
4,29089
5,29084
8,29076
4,29072
5,29067
3,29064
4,29060
5,29055
5,29050
7,29043
4,29039
4,29035
6,29029
2,29027
4,29023
8,29015
4,29011
5,29006
6,29000
5,28995
2,28993
6,28987
6,28981
4,28977
4,28973
5,28968
4,28964
10,28954
2,28952
5,28947
4,28943
5,28938
9,28929
7,28922
5,28917
4,28913
6,28907
4,28903
5,28898
5,28893
5,28888
5,28883
2,28881
5,28876
5,28871
7,28864
5,28859
4,28855
5,28850
5,28845
2,28843
11,28832
4,28828
5,28823
4,28819
6,28813
4,28809
8,28801
2,28799
4,28795
5,28790
5,28785
4,28781
5,28776
6,28770
6,28764
5,28759
4,28755
6,28749
13,28736
5,28731
5,28726
2,28724
4,28720
6,28714
4,28710
7,28703
4,28699
8,28691
6,28685
6,28679
7,28672
7,28665
4,28661
4,28657
3,28654
4,28650
8,28642
4,28638
4,28634
5,28629
4,28625
2,28623
6,28617
7,28610
6,28604
4,28600
6,28594
4,28590
3,28587
8,28579
4,28575
5,28570
5,28565
4,28561
5,28556
5,28551
5,28546
5,28541
4,28537
5,28532
5,28527
13,28514
7,28507
5,28502
6,28496
5,28491
4,28487
7,28480
2,28478
5,28473
5,28468
4,28464
4,28460
5,28455
7,28448
3,28445
4,28441
4,28437
5,28432
7,28425
7,28418
6,28412
3,28409
5,28404
5,28399
5,28394
4,28390
4,28386
5,28381
3,28378
6,28372
4,28368
4,28364
6,28358
7,28351
5,28346
2,28344
5,28339
7,28332
5,28327
4,28323
8,28315
4,28311
5,28306
5,28301
6,28295
4,28291
4,28287
7,28280
3,28277
3,28274
5,28269
4,28265
6,28259
5,28254
7,28247
4,28243
4,28239
7,28232
5,28227
4,28223
5,28218
6,28212
3,28209
5,28204
4,28200
5,28195
4,28191
4,28187
7,28180
3,28177
5,28172
5,28167
4,28163
5,28158
7,28151
8,28143
2,28141
4,28137
5,28132
9,28123
5,28118
6,28112
9,28103
4,28099
6,28093
4,28089
3,28086
4,28082
6,28076
5,28071
4,28067
4,28063
6,28057
5,28052
2,28050
8,28042
4,28038
6,28032
4,28028
4,28024
5,28019
2,28017
7,28010
6,28004
4,28000
4,27996
4,27992
2,27990
5,27985
8,27977
4,27973
5,27968
5,27963
5,27958
3,27955
4,27951
4,27947
7,27940
9,27931
4,27927
2,27925
5,27920
5,27915
4,27911
7,27904
4,27900
7,27893
2,27891
5,27886
5,27881
5,27876
9,27867
4,27863
6,27857
3,27854
5,27849
4,27845
5,27840
7,27833
5,27828
2,27826
4,27822
4,27818
4,27814
5,27809
5,27804
7,27797
2,27795
6,27789
5,27784
4,27780
9,27771
9,27762
4,27758
2,27756
5,27751
4,27747
4,27743
6,27737
5,27732
3,27729
5,27724
10,27714
4,27710
10,27700
2,27698
6,27692
7,27685
4,27681
4,27677
6,27671
2,27669
5,27664
7,27657
9,27648
4,27644
4,27640
5,27635
2,27633
4,27629
5,27624
7,27617
6,27611
5,27606
3,27603
4,27599
5,27594
7,27587
7,27580
4,27576
5,27571
2,27569
5,27564
5,27559
3,27556
5,27551
7,27544
3,27541
4,27537
5,27532
6,27526
7,27519
5,27514
7,27507
2,27505
4,27501
4,27497
6,27491
5,27486
5,27481
2,27479
3,27476
8,27468
8,27460
5,27455
4,27451
2,27449
6,27443
7,27436
5,27431
6,27425
4,27421
3,27418
5,27413
6,27407
5,27402
6,27396
5,27391
4,27387
2,27385
4,27381
5,27376
5,27371
5,27366
8,27358
2,27356
5,27351
4,27347
5,27342
6,27336
4,27332
7,27325
2,27323
5,27318
4,27314
11,27303
5,27298
3,27295
6,27289
5,27284
4,27280
5,27275
8,27267
2,27265
5,27260
4,27256
7,27249
7,27242
4,27238
2,27236
5,27231
5,27226
6,27220
4,27216
6,27210
5,27205
2,27203
5,27198
6,27192
4,27188
5,27183
5,27178
4,27174
5,27169
5,27164
5,27159
4,27155
5,27150
3,27147
4,27143
6,27137
6,27131
6,27125
5,27120
4,27116
6,27110
4,27106
5,27101
7,27094
4,27090
5,27085
2,27083
4,27079
6,27073
5,27068
5,27063
6,27057
2,27055
4,27051
6,27045
4,27041
4,27037
5,27032
2,27030
6,27024
7,27017
6,27011
6,27005
4,27001
3,26998
5,26993
4,26989
6,26983
8,26975
4,26971
5,26966
2,26964
4,26960
5,26955
5,26950
6,26944
7,26937
2,26935
4,26931
8,26923
4,26919
5,26914
4,26910
2,26908
8,26900
4,26896
4,26892
11,26881
1,26880
10,26870
12,26858
4,26854
2,26852
6,26846
4,26842
4,26838
5,26833
5,26828
5,26823
5,26818
4,26814
9,26805
5,26800
3,26797
5,26792
4,26788
6,26782
5,26777
5,26772
2,26770
6,26764
4,26760
4,26756
6,26750
6,26744
2,26742
5,26737
4,26733
4,26729
8,26721
4,26717
2,26715
9,26706
5,26701
8,26693
4,26689
5,26684
1,26683
4,26679
8,26671
6,26665
4,26661
3,26658
4,26654
6,26648
5,26643
6,26637
5,26632
2,26630
7,26623
6,26617
5,26612
4,26608
5,26603
3,26600
4,26596
4,26592
6,26586
5,26581
6,26575
2,26573
4,26569
4,26565
5,26560
4,26556
6,26550
2,26548
7,26541
5,26536
4,26532
6,26526
3,26523
5,26518
4,26514
4,26510
5,26505
7,26498
2,26496
5,26491
4,26487
4,26483
4,26479
5,26474
8,26466
7,26459
5,26454
5,26449
4,26445
2,26443
5,26438
4,26434
5,26429
10,26419
4,26415
3,26412
5,26407
4,26403
6,26397
4,26393
2,26391
4,26387
7,26380
6,26374
5,26369
4,26365
2,26363
3,26360
5,26355
6,26349
4,26345
8,26337
2,26335
5,26330
5,26325
4,26321
5,26316
2,26314
4,26310
4,26306
9,26297
4,26293
6,26287
2,26285
4,26281
4,26277
8,26269
4,26265
5,26260
4,26256
5,26251
6,26245
4,26241
4,26237
5,26232
2,26230
6,26224
3,26221
8,26213
4,26209
2,26207
5,26202
5,26197
4,26193
5,26188
4,26184
2,26182
6,26176
7,26169
4,26165
5,26160
5,26155
8,26147
4,26143
4,26139
8,26131
7,26124
3,26121
6,26115
4,26111
8,26103
5,26098
2,26096
5,26091
6,26085
5,26080
7,26073
7,26066
2,26064
4,26060
5,26055
7,26048
4,26044
13,26031
4,26027
6,26021
4,26017
2,26015
5,26010
4,26006
7,25999
7,25992
7,25985
3,25982
4,25978
8,25970
6,25964
4,25960
4,25956
5,25951
5,25946
4,25942
5,25937
4,25933
3,25930
5,25925
5,25920
4,25916
7,25909
4,25905
2,25903
5,25898
5,25893
5,25888
4,25884
3,25881
4,25877
7,25870
6,25864
4,25860
4,25856
3,25853
4,25849
7,25842
5,25837
4,25833
2,25831
5,25826
7,25819
4,25815
7,25808
6,25802
2,25800
6,25794
4,25790
4,25786
5,25781
5,25776
5,25771
5,25766
4,25762
4,25758
6,25752
2,25750
5,25745
5,25740
6,25734
4,25730
4,25726
4,25722
5,25717
5,25712
4,25708
4,25704
2,25702
6,25696
9,25687
6,25681
4,25677
4,25673
3,25670
5,25665
4,25661
4,25657
5,25652
2,25650
8,25642
5,25637
5,25632
4,25628
5,25623
2,25621
5,25616
5,25611
4,25607
9,25598
5,25593
5,25588
4,25584
5,25579
5,25574
2,25572
6,25566
5,25561
4,25557
7,25550
2,25548
5,25543
5,25538
4,25534
4,25530
7,25523
2,25521
6,25515
7,25508
4,25504
4,25500
3,25497
6,25491
6,25485
6,25479
4,25475
4,25471
3,25468
7,25461
10,25451
4,25447
2,25445
5,25440
5,25435
4,25431
4,25427
7,25420
3,25417
4,25413
5,25408
6,25402
7,25395
3,25392
5,25387
4,25383
5,25378
6,25372
4,25368
4,25364
4,25360
4,25356
5,25351
4,25347
2,25345
6,25339
5,25334
4,25330
6,25324
3,25321
8,25313
4,25309
5,25304
5,25299
4,25295
3,25292
5,25287
4,25283
8,25275
4,25271
2,25269
5,25264
5,25259
4,25255
4,25251
5,25246
2,25244
5,25239
8,25231
4,25227
5,25222
3,25219
4,25215
5,25210
4,25206
6,25200
2,25198
4,25194
12,25182
4,25178
7,25171
11,25160
4,25156
5,25151
4,25147
3,25144
7,25137
4,25133
7,25126
4,25122
2,25120
6,25114
5,25109
6,25103
5,25098
4,25094
4,25090
6,25084
4,25080
4,25076
5,25071
3,25068
4,25064
5,25059
5,25054
4,25050
2,25048
8,25040
4,25036
5,25031
5,25026
2,25024
4,25020
4,25016
6,25010
5,25005
4,25001
5,24996
4,24992
6,24986
6,24980
6,24974
4,24970
5,24965
6,24959
6,24953
2,24951
7,24944
4,24940
8,24932
5,24927
2,24925
5,24920
4,24916
5,24911
6,24905
7,24898
2,24896
5,24891
4,24887
4,24883
6,24877
2,24875
5,24870
4,24866
5,24861
4,24857
5,24852
5,24847
4,24843
6,24837
5,24832
3,24829
4,24825
6,24819
6,24813
5,24808
8,24800
2,24798
4,24794
4,24790
5,24785
4,24781
2,24779
8,24771
8,24763
5,24758
5,24753
5,24748
5,24743
4,24739
5,24734
2,24732
5,24727
5,24722
10,24712
2,24710
7,24703
6,24697
5,24692
4,24688
4,24684
3,24681
4,24677
5,24672
5,24667
4,24663
2,24661
6,24655
6,24649
5,24644
4,24640
4,24636
6,24630
4,24626
6,24620
5,24615
3,24612
4,24608
7,24601
4,24597
6,24591
2,24589
4,24585
4,24581
6,24575
4,24571
4,24567
4,24563
5,24558
6,24552
5,24547
2,24545
5,24540
4,24536
6,24530
6,24524
2,24522
8,24514
4,24510
11,24499
6,24493
3,24490
6,24484
4,24480
4,24476
4,24472
3,24469
5,24464
5,24459
5,24454
7,24447
2,24445
4,24441
6,24435
4,24431
4,24427
3,24424
4,24420
5,24415
5,24410
5,24405
8,24397
2,24395
5,24390
5,24385
5,24380
5,24375
2,24373
4,24369
4,24365
6,24359
4,24355
4,24351
5,24346
5,24341
4,24337
8,24329
2,24327
4,24323
12,24311
5,24306
2,24304
7,24297
4,24293
4,24289
5,24284
4,24280
4,24276
4,24272
5,24267
6,24261
6,24255
9,24246
4,24242
5,24237
2,24235
6,24229
5,24224
5,24219
5,24214
2,24212
5,24207
4,24203
8,24195
5,24190
2,24188
4,24184
4,24180
6,24174
4,24170
5,24165
5,24160
4,24156
4,24152
11,24141
3,24138
4,24134
5,24129
4,24125
5,24120
2,24118
6,24112
5,24107
4,24103
5,24098
5,24093
5,24088
4,24084
5,24079
4,24075
2,24073
6,24067
5,24062
4,24058
4,24054
11,24043
8,24035
4,24031
4,24027
2,24025
5,24020
6,24014
4,24010
4,24006
3,24003
4,23999
5,23994
9,23985
4,23981
3,23978
4,23974
5,23969
4,23965
5,23960
3,23957
4,23953
4,23949
5,23944
5,23939
6,23933
4,23929
5,23924
6,23918
2,23916
7,23909
4,23905
5,23900
4,23896
4,23892
4,23888
5,23883
8,23875
4,23871
4,23867
5,23862
6,23856
4,23852
4,23848
5,23843
4,23839
4,23835
8,23827
5,23822
8,23814
5,23809
5,23804
5,23799
5,23794
4,23790
9,23781
2,23779
8,23771
5,23766
5,23761
4,23757
4,23753
6,23747
4,23743
5,23738
5,23733
4,23729
6,23723
7,23716
6,23710
6,23704
6,23698
5,23693
4,23689
5,23684
4,23680
4,23676
6,23670
7,23663
4,23659
5,23654
4,23650
5,23645
6,23639
3,23636
4,23632
5,23627
5,23622
4,23618
7,23611
6,23605
4,23601
4,23597
6,23591
6,23585
4,23581
7,23574
4,23570
7,23563
6,23557
7,23550
4,23546
5,23541
4,23537
6,23531
6,23525
4,23521
4,23517
4,23513
6,23507
7,23500
8,23492
4,23488
2,23486
5,23481
5,23476
5,23471
4,23467
9,23458
5,23453
4,23449
5,23444
6,23438
4,23434
6,23428
5,23423
4,23419
6,23413
4,23409
4,23405
7,23398
5,23393
4,23389
6,23383
6,23377
5,23372
10,23362
5,23357
4,23353
4,23349
6,23343
2,23341
5,23336
7,23329
4,23325
4,23321
6,23315
4,23311
5,23306
9,23297
5,23292
5,23287
4,23283
6,23277
6,23271
14,23257
4,23253
6,23247
5,23242
5,23237
5,23232
4,23228
5,23223
7,23216
4,23212
4,23208
4,23204
5,23199
6,23193
7,23186
6,23180
4,23176
4,23172
6,23166
4,23162
7,23155
5,23150
4,23146
5,23141
4,23137
5,23132
6,23126
7,23119
6,23113
4,23109
4,23105
13,23092
5,23087
2,23085
5,23080
4,23076
9,23067
5,23062
4,23058
4,23054
5,23049
5,23044
8,23036
5,23031
4,23027
4,23023
6,23017
6,23011
4,23007
4,23003
5,22998
4,22994
7,22987
7,22980
4,22976
4,22972
6,22966
3,22963
4,22959
5,22954
6,22948
4,22944
8,22936
5,22931
4,22927
6,22921
6,22915
4,22911
5,22906
11,22895
4,22891
4,22887
7,22880
4,22876
5,22871
8,22863
4,22859
5,22854
6,22848
4,22844
2,22842
5,22837
5,22832
6,22826
4,22822
4,22818
7,22811
7,22804
6,22798
4,22794
4,22790
5,22785
8,22777
4,22773
5,22768
5,22763
5,22758
4,22754
4,22750
8,22742
5,22737
11,22726
2,22724
7,22717
5,22712
4,22708
4,22704
5,22699
6,22693
5,22688
7,22681
5,22676
5,22671
4,22667
7,22660
4,22656
5,22651
5,22646
4,22642
4,22638
6,22632
7,22625
4,22621
2,22619
6,22613
6,22607
7,22600
5,22595
5,22590
4,22586
5,22581
5,22576
5,22571
5,22566
7,22559
5,22554
5,22549
6,22543
4,22539
5,22534
4,22530
6,22524
5,22519
5,22514
2,22512
5,22507
6,22501
6,22495
5,22490
5,22485
4,22481
6,22475
5,22470
4,22466
5,22461
6,22455
4,22451
4,22447
8,22439
9,22430
10,22420
7,22413
4,22409
5,22404
3,22401
4,22397
4,22393
6,22387
5,22382
6,22376
6,22370
5,22365
5,22360
8,22352
6,22346
9,22337
5,22332
5,22327
4,22323
7,22316
6,22310
4,22306
8,22298
2,22296
5,22291
4,22287
5,22282
6,22276
4,22272
5,22267
5,22262
7,22255
8,22247
4,22243
5,22238
4,22234
5,22229
5,22224
5,22219
5,22214
5,22209
4,22205
4,22201
10,22191
6,22185
5,22180
6,22174
4,22170
5,22165
8,22157
4,22153
4,22149
6,22143
6,22137
5,22132
8,22124
4,22120
4,22116
5,22111
6,22105
6,22099
5,22094
6,22088
2,22086
5,22081
5,22076
6,22070
4,22066
7,22059
6,22053
4,22049
7,22042
5,22037
5,22032
6,22026
5,22021
4,22017
6,22011
4,22007
6,22001
8,21993
4,21989
5,21984
5,21979
2,21977
4,21973
9,21964
4,21960
5,21955
6,21949
4,21945
5,21940
5,21935
7,21928
5,21923
4,21919
8,21911
4,21907
5,21902
6,21896
4,21892
5,21887
5,21882
5,21877
5,21872
6,21866
6,21860
3,21857
4,21853
4,21849
6,21843
5,21838
5,21833
6,21827
5,21822
5,21817
5,21812
5,21807
8,21799
4,21795
5,21790
5,21785
4,21781
6,21775
6,21769
4,21765
5,21760
4,21756
5,21751
2,21749
11,21738
6,21732
4,21728
4,21724
7,21717
5,21712
4,21708
6,21702
5,21697
4,21693
6,21687
5,21682
5,21677
6,21671
5,21666
6,21660
6,21654
5,21649
7,21642
5,21637
7,21630
5,21625
5,21620
4,21616
6,21610
7,21603
6,21597
5,21592
5,21587
7,21580
14,21566
4,21562
5,21557
5,21552
4,21548
6,21542
8,21534
5,21529
4,21525
2,21523
6,21517
5,21512
4,21508
5,21503
5,21498
5,21493
5,21488
6,21482
7,21475
4,21471
8,21463
5,21458
5,21453
4,21449
5,21444
5,21439
4,21435
6,21429
5,21424
2,21422
6,21416
4,21412
5,21407
8,21399
5,21394
6,21388
4,21384
5,21379
4,21375
7,21368
5,21363
5,21358
6,21352
4,21348
5,21343
5,21338
7,21331
5,21326
2,21324
4,21320
7,21313
5,21308
5,21303
6,21297
5,21292
4,21288
5,21283
13,21270
9,21261
7,21254
4,21250
5,21245
6,21239
5,21234
4,21230
9,21221
5,21216
4,21212
3,21209
5,21204
6,21198
6,21192
6,21186
4,21182
6,21176
8,21168
5,21163
4,21159
4,21155
6,21149
4,21145
7,21138
5,21133
6,21127
6,21121
6,21115
6,21109
5,21104
4,21100
2,21098
6,21092
4,21088
6,21082
4,21078
6,21072
4,21068
5,21063
16,21047
8,21039
5,21034
6,21028
5,21023
6,21017
4,21013
5,21008
4,21004
5,20999
7,20992
4,20988
3,20985
7,20978
5,20973
4,20969
6,20963
8,20955
5,20950
4,20946
6,20940
6,20934
5,20929
5,20924
5,20919
7,20912
9,20903
5,20898
4,20894
5,20889
5,20884
6,20878
2,20876
6,20870
6,20864
4,20860
5,20855
4,20851
7,20844
4,20840
7,20833
6,20827
7,20820
5,20815
6,20809
5,20804
5,20799
5,20794
6,20788
6,20782
4,20778
5,20773
5,20768
3,20765
7,20758
9,20749
5,20744
4,20740
5,20735
6,20729
7,20722
4,20718
6,20712
4,20708
6,20702
5,20697
6,20691
9,20682
4,20678
6,20672
10,20662
4,20658
6,20652
2,20650
5,20645
5,20640
6,20634
5,20629
5,20624
4,20620
9,20611
6,20605
4,20601
6,20595
4,20591
5,20586
5,20581
6,20575
4,20571
13,20558
4,20554
6,20548
6,20542
4,20538
4,20534
5,20529
5,20524
6,20518
5,20513
8,20505
6,20499
5,20494
5,20489
4,20485
6,20479
5,20474
4,20470
9,20461
9,20452
7,20445
5,20440
6,20434
2,20432
6,20426
5,20421
5,20416
4,20412
5,20407
6,20401
5,20396
7,20389
6,20383
5,20378
6,20372
4,20368
6,20362
4,20358
5,20353
4,20349
7,20342
6,20336
5,20331
5,20326
12,20314
4,20310
6,20304
5,20299
4,20295
4,20291
7,20284
5,20279
5,20274
4,20270
6,20264
5,20259
6,20253
6,20247
7,20240
5,20235
5,20230
6,20224
3,20221
5,20216
5,20211
5,20206
5,20201
7,20194
4,20190
6,20184
4,20180
5,20175
5,20170
9,20161
7,20154
5,20149
6,20143
4,20139
12,20127
5,20122
3,20119
4,20115
5,20110
6,20104
6,20098
5,20093
8,20085
4,20081
7,20074
4,20070
7,20063
5,20058
4,20054
5,20049
7,20042
4,20038
5,20033
5,20028
5,20023
3,20020
8,20012
6,20006
5,20001
4,19997
5,19992
7,19985
5,19980
6,19974
5,19969
8,19961
4,19957
6,19951
9,19942
5,19937
7,19930
6,19924
5,19919
5,19914
4,19910
3,19907
5,19902
8,19894
5,19889
8,19881
4,19877
5,19872
5,19867
6,19861
6,19855
5,19850
12,19838
6,19832
5,19827
6,19821
5,19816
5,19811
5,19806
4,19802
4,19798
6,19792
5,19787
6,19781
4,19777
6,19771
5,19766
6,19760
7,19753
5,19748
7,19741
10,19731
4,19727
7,19720
4,19716
8,19708
3,19705
7,19698
5,19693
5,19688
5,19683
6,19677
5,19672
5,19667
8,19659
5,19654
5,19649
5,19644
7,19637
4,19633
5,19628
6,19622
6,19616
6,19610
5,19605
2,19603
6,19597
6,19591
4,19587
5,19582
6,19576
10,19566
6,19560
6,19554
5,19549
4,19545
5,19540
6,19534
6,19528
4,19524
6,19518
7,19511
5,19506
5,19501
3,19498
6,19492
5,19487
5,19482
11,19471
5,19466
5,19461
5,19456
5,19451
6,19445
6,19439
5,19434
6,19428
5,19423
5,19418
5,19413
7,19406
4,19402
5,19397
3,19394
5,19389
6,19383
9,19374
5,19369
8,19361
5,19356
5,19351
7,19344
4,19340
6,19334
5,19329
7,19322
5,19317
5,19312
5,19307
6,19301
5,19296
4,19292
6,19286
6,19280
5,19275
5,19270
4,19266
7,19259
6,19253
6,19247
7,19240
4,19236
5,19231
6,19225
6,19219
9,19210
5,19205
7,19198
6,19192
10,19182
5,19177
5,19172
3,19169
5,19164
5,19159
6,19153
6,19147
5,19142
5,19137
7,19130
6,19124
5,19119
6,19113
5,19108
5,19103
5,19098
6,19092
7,19085
5,19080
5,19075
8,19067
5,19062
6,19056
5,19051
5,19046
6,19040
5,19035
5,19030
6,19024
5,19019
5,19014
6,19008
7,19001
5,18996
5,18991
11,18980
6,18974
4,18970
6,18964
5,18959
6,18953
2,18951
7,18944
6,18938
6,18932
9,18923
6,18917
5,18912
8,18904
6,18898
5,18893
8,18885
6,18879
7,18872
5,18867
5,18862
5,18857
7,18850
2,18848
5,18843
5,18838
6,18832
5,18827
6,18821
6,18815
5,18810
5,18805
5,18800
5,18795
12,18783
6,18777
5,18772
8,18764
6,18758
6,18752
5,18747
6,18741
8,18733
6,18727
5,18722
5,18717
5,18712
5,18707
6,18701
6,18695
6,18689
8,18681
6,18675
5,18670
6,18664
6,18658
4,18654
5,18649
5,18644
3,18641
6,18635
5,18630
7,18623
5,18618
6,18612
5,18607
6,18601
5,18596
7,18589
7,18582
5,18577
6,18571
9,18562
10,18552
6,18546
5,18541
3,18538
5,18533
6,18527
5,18522
5,18517
5,18512
6,18506
6,18500
7,18493
5,18488
8,18480
6,18474
5,18469
5,18464
6,18458
5,18453
5,18448
2,18446
7,18439
6,18433
5,18428
5,18423
6,18417
6,18411
5,18406
8,18398
6,18392
5,18387
8,18379
7,18372
6,18366
5,18361
5,18356
6,18350
3,18347
5,18342
5,18337
5,18332
6,18326
5,18321
6,18315
6,18309
7,18302
4,18298
5,18293
5,18288
7,18281
8,18273
4,18269
5,18264
6,18258
4,18254
5,18249
7,18242
6,18236
4,18232
5,18227
6,18221
6,18215
6,18209
5,18204
5,18199
6,18193
6,18187
6,18181
7,18174
6,18168
5,18163
3,18160
5,18155
9,18146
5,18141
5,18136
5,18131
9,18122
8,18114
5,18109
6,18103
5,18098
6,18092
5,18087
6,18081
5,18076
4,18072
9,18063
6,18057
2,18055
6,18049
5,18044
6,18038
5,18033
6,18027
6,18021
6,18015
5,18010
5,18005
6,17999
6,17993
7,17986
7,17979
5,17974
6,17968
8,17960
3,17957
5,17952
6,17946
5,17941
9,17932
10,17922
5,17917
4,17913
5,17908
7,17901
5,17896
10,17886
6,17880
5,17875
6,17869
3,17866
10,17856
5,17851
5,17846
5,17841
7,17834
6,17828
5,17823
5,17818
5,17813
7,17806
5,17801
5,17796
6,17790
6,17784
5,17779
2,17777
6,17771
6,17765
5,17760
7,17753
10,17743
5,17738
6,17732
7,17725
6,17719
11,17708
5,17703
6,17697
5,17692
5,17687
2,17685
6,17679
6,17673
11,17662
5,17657
9,17648
6,17642
6,17636
5,17631
6,17625
5,17620
6,17614
5,17609
6,17603
7,17596
2,17594
5,17589
6,17583
6,17577
5,17572
5,17567
6,17561
5,17556
6,17550
7,17543
11,17532
5,17527
11,17516
6,17510
5,17505
2,17503
5,17498
6,17492
6,17486
5,17481
5,17476
8,17468
5,17463
5,17458
6,17452
5,17447
7,17440
5,17435
8,17427
7,17420
3,17417
5,17412
5,17407
6,17401
6,17395
5,17390
6,17384
5,17379
6,17373
5,17368
5,17363
6,17357
6,17351
6,17345
5,17340
7,17333
2,17331
6,17325
9,17316
5,17311
6,17305
5,17300
5,17295
6,17289
6,17283
5,17278
6,17272
5,17267
5,17262
7,17255
6,17249
5,17244
3,17241
6,17235
5,17230
6,17224
13,17211
7,17204
5,17199
7,17192
6,17186
5,17181
5,17176
5,17171
6,17165
8,17157
6,17151
5,17146
7,17139
5,17134
5,17129
7,17122
6,17116
5,17111
5,17106
8,17098
6,17092
5,17087
5,17082
6,17076
8,17068
6,17062
2,17060
6,17054
6,17048
5,17043
5,17038
6,17032
9,17023
5,17018
5,17013
6,17007
6,17001
6,16995
8,16987
5,16982
6,16976
3,16973
6,16967
5,16962
7,16955
5,16950
5,16945
7,16938
6,16932
6,16926
5,16921
5,16916
5,16911
6,16905
6,16899
5,16894
3,16891
9,16882
8,16874
6,16868
5,16863
7,16856
5,16851
6,16845
5,16840
7,16833
5,16828
5,16823
5,16818
7,16811
7,16804
5,16799
3,16796
5,16791
6,16785
5,16780
5,16775
6,16769
10,16759
5,16754
5,16749
6,16743
7,16736
5,16731
5,16726
6,16720
6,16714
5,16709
3,16706
5,16701
7,16694
5,16689
5,16684
6,16678
7,16671
6,16665
6,16659
8,16651
15,16636
5,16631
5,16626
6,16620
3,16617
6,16611
6,16605
5,16600
6,16594
5,16589
5,16584
6,16578
6,16572
6,16566
6,16560
5,16555
6,16549
7,16542
9,16533
2,16531
6,16525
5,16520
11,16509
6,16503
6,16497
5,16492
5,16487
5,16482
8,16474
6,16468
6,16462
5,16457
6,16451
3,16448
8,16440
5,16435
7,16428
7,16421
5,16416
8,16408
7,16401
5,16396
5,16391
5,16386
7,16379
5,16374
6,16368
6,16362
2,16360
6,16354
13,16341
5,16336
6,16330
5,16325
5,16320
6,16314
9,16305
8,16297
5,16292
5,16287
7,16280
7,16273
2,16271
6,16265
7,16258
6,16252
6,16246
5,16241
5,16236
9,16227
5,16222
6,16216
7,16209
6,16203
5,16198
7,16191
3,16188
7,16181
5,16176
6,16170
5,16165
7,16158
5,16153
9,16144
6,16138
7,16131
6,16125
5,16120
6,16114
6,16108
5,16103
3,16100
5,16095
5,16090
7,16083
6,16077
8,16069
8,16061
5,16056
5,16051
6,16045
5,16040
7,16033
5,16028
5,16023
6,16017
3,16014
7,16007
5,16002
6,15996
6,15990
6,15984
6,15978
5,15973
6,15967
7,15960
7,15953
7,15946
5,15941
7,15934
5,15929
6,15923
2,15921
6,15915
7,15908
4,15904
6,15898
5,15893
7,15886
6,15880
5,15875
6,15869
5,15864
9,15855
5,15850
6,15844
6,15838
8,15830
3,15827
5,15822
6,15816
7,15809
5,15804
6,15798
12,15786
6,15780
5,15775
5,15770
7,15763
6,15757
9,15748
5,15743
3,15740
7,15733
5,15728
6,15722
6,15716
10,15706
5,15701
5,15696
5,15691
7,15684
6,15678
5,15673
5,15668
8,15660
6,15654
3,15651
6,15645
5,15640
6,15634
6,15628
5,15623
5,15618
7,15611
6,15605
8,15597
10,15587
6,15581
6,15575
8,15567
6,15561
9,15552
3,15549
6,15543
5,15538
7,15531
11,15520
5,15515
8,15507
5,15502
5,15497
6,15491
6,15485
6,15479
5,15474
6,15468
5,15463
7,15456
7,15449
7,15442
5,15437
6,15431
8,15423
6,15417
6,15411
9,15402
5,15397
6,15391
6,15385
6,15379
6,15373
3,15370
5,15365
7,15358
5,15353
6,15347
9,15338
7,15331
5,15326
5,15321
7,15314
6,15308
7,15301
6,15295
5,15290
5,15285
4,15281
6,15275
6,15269
5,15264
5,15259
7,15252
7,15245
6,15239
6,15233
6,15227
5,15222
8,15214
6,15208
7,15201
5,15196
5,15191
3,15188
5,15183
8,15175
6,15169
6,15163
6,15157
6,15151
6,15145
6,15139
6,15133
6,15127
6,15121
5,15116
6,15110
7,15103
6,15097
11,15086
3,15083
5,15078
10,15068
5,15063
6,15057
5,15052
7,15045
19,15026
7,15019
5,15014
6,15008
5,15003
7,14996
3,14993
5,14988
6,14982
5,14977
7,14970
10,14960
5,14955
5,14950
12,14938
7,14931
6,14925
5,14920
7,14913
5,14908
3,14905
5,14900
9,14891
5,14886
5,14881
7,14874
5,14869
9,14860
7,14853
5,14848
5,14843
10,14833
6,14827
7,14820
3,14817
6,14811
6,14805
5,14800
6,14794
5,14789
7,14782
6,14776
5,14771
6,14765
6,14759
6,14753
7,14746
5,14741
8,14733
2,14731
7,14724
5,14719
7,14712
9,14703
5,14698
6,14692
5,14687
8,14679
6,14673
6,14667
5,14662
6,14656
6,14650
3,14647
5,14642
7,14635
6,14629
6,14623
6,14617
6,14611
6,14605
7,14598
6,14592
6,14586
8,14578
7,14571
6,14565
6,14559
3,14556
5,14551
6,14545
7,14538
5,14533
7,14526
7,14519
6,14513
5,14508
6,14502
5,14497
7,14490
9,14481
5,14476
3,14473
7,14466
6,14460
9,14451
7,14444
6,14438
6,14432
5,14427
7,14420
6,14414
7,14407
5,14402
7,14395
5,14390
7,14383
2,14381
6,14375
6,14369
6,14363
12,14351
5,14346
6,14340
7,14333
6,14327
10,14317
6,14311
6,14305
7,14298
2,14296
7,14289
6,14283
12,14271
5,14266
6,14260
8,14252
6,14246
5,14241
6,14235
5,14230
7,14223
5,14218
4,14214
6,14208
5,14203
7,14196
8,14188
7,14181
5,14176
9,14167
6,14161
7,14154
9,14145
5,14140
6,14134
5,14129
3,14126
7,14119
5,14114
8,14106
5,14101
6,14095
7,14088
5,14083
6,14077
5,14072
7,14065
5,14060
9,14051
5,14046
4,14042
9,14033
6,14027
6,14021
5,14016
9,14007
5,14002
9,13993
5,13988
7,13981
5,13976
7,13969
6,13963
6,13957
3,13954
5,13949
6,13943
6,13937
6,13931
6,13925
8,13917
6,13911
7,13904
7,13897
6,13891
5,13886
6,13880
6,13874
3,13871
6,13865
6,13859
6,13853
9,13844
6,13838
6,13832
6,13826
7,13819
5,13814
6,13808
7,13801
6,13795
6,13789
8,13781
3,13778
6,13772
6,13766
7,13759
6,13753
5,13748
7,13741
5,13736
6,13730
6,13724
5,13719
8,13711
6,13705
6,13699
6,13693
4,13689
7,13682
5,13677
6,13671
5,13666
7,13659
9,13650
6,13644
8,13636
6,13630
6,13624
7,13617
5,13612
7,13605
7,13598
3,13595
5,13590
6,13584
7,13577
5,13572
7,13565
6,13559
5,13554
8,13546
6,13540
5,13535
9,13526
10,13516
5,13511
6,13505
6,13499
10,13489
6,13483
11,13472
8,13464
6,13458
5,13453
6,13447
7,13440
8,13432
6,13426
7,13419
6,13413
6,13407
3,13404
7,13397
6,13391
7,13384
9,13375
6,13369
5,13364
7,13357
6,13351
5,13346
6,13340
6,13334
8,13326
5,13321
3,13318
6,13312
6,13306
6,13300
6,13294
7,13287
6,13281
5,13276
8,13268
6,13262
7,13255
5,13250
10,13240
6,13234
5,13229
3,13226
6,13220
7,13213
6,13207
5,13202
6,13196
7,13189
8,13181
5,13176
6,13170
6,13164
7,13157
6,13151
8,13143
6,13137
10,13127
6,13121
6,13115
7,13108
10,13098
6,13092
5,13087
6,13081
8,13073
6,13067
6,13061
6,13055
6,13049
3,13046
7,13039
6,13033
4,13029
7,13022
7,13015
6,13009
6,13003
6,12997
7,12990
5,12985
6,12979
7,12972
12,12960
3,12957
6,12951
5,12946
6,12940
7,12933
6,12927
6,12921
6,12915
5,12910
7,12903
6,12897
7,12890
6,12884
7,12877
3,12874
6,12868
9,12859
6,12853
7,12846
6,12840
6,12834
5,12829
6,12823
12,12811
6,12805
6,12799
6,12793
7,12786
2,12784
6,12778
6,12772
7,12765
7,12758
6,12752
7,12745
6,12739
6,12733
6,12727
6,12721
6,12715
6,12709
7,12702
3,12699
8,12691
12,12679
11,12668
6,12662
8,12654
6,12648
7,12641
6,12635
6,12629
6,12623
7,12616
6,12610
3,12607
6,12601
7,12594
6,12588
6,12582
6,12576
6,12570
6,12564
7,12557
7,12550
6,12544
9,12535
11,12524
6,12518
3,12515
4,12511
9,12502
7,12495
6,12489
6,12483
5,12478
7,12471
6,12465
6,12459
6,12453
8,12445
7,12438
6,12432
3,12429
6,12423
6,12417
10,12407
6,12401
6,12395
6,12389
7,12382
10,12372
6,12366
6,12360
7,12353
7,12346
7,12339
3,12336
6,12330
6,12324
7,12317
6,12311
6,12305
7,12298
7,12291
6,12285
6,12279
6,12273
6,12267
7,12260
9,12251
3,12248
6,12242
8,12234
10,12224
6,12218
6,12212
6,12206
7,12199
6,12193
7,12186
6,12180
8,12172
6,12166
6,12160
3,12157
7,12150
7,12143
6,12137
9,12128
7,12121
6,12115
7,12108
6,12102
6,12096
6,12090
7,12083
9,12074
7,12067
4,12063
6,12057
7,12050
6,12044
6,12038
7,12031
6,12025
8,12017
6,12011
7,12004
6,11998
8,11990
6,11984
6,11978
6,11972
3,11969
7,11962
6,11956
6,11950
6,11944
7,11937
8,11929
9,11920
6,11914
15,11899
7,11892
7,11885
7,11878
8,11870
6,11864
3,11861
7,11854
6,11848
7,11841
20,11821
9,11812
10,11802
7,11795
6,11789
11,11778
6,11772
3,11769
10,11759
6,11753
7,11746
6,11740
6,11734
6,11728
7,11721
7,11714
7,11707
7,11700
6,11694
8,11686
7,11679
3,11676
6,11670
6,11664
7,11657
7,11650
8,11642
7,11635
7,11628
8,11620
6,11614
9,11605
7,11598
7,11591
6,11585
4,11581
6,11575
7,11568
7,11561
6,11555
7,11548
8,11540
6,11534
7,11527
6,11521
6,11515
7,11508
6,11502
7,11495
3,11492
7,11485
6,11479
11,11468
7,11461
7,11454
9,11445
6,11439
8,11431
9,11422
6,11416
7,11409
7,11402
7,11395
3,11392
5,11387
8,11379
8,11371
6,11365
8,11357
6,11351
6,11345
8,11337
6,11331
6,11325
8,11317
6,11311
7,11304
3,11301
7,11294
9,11285
8,11277
6,11271
6,11265
7,11258
6,11252
8,11244
8,11236
6,11230
6,11224
8,11216
7,11209
6,11203
4,11199
6,11193
6,11187
8,11179
6,11173
6,11167
8,11159
6,11153
7,11146
7,11139
7,11132
10,11122
7,11115
6,11109
7,11102
3,11099
6,11093
12,11081
6,11075
7,11068
6,11062
6,11056
9,11047
6,11041
7,11034
6,11028
9,11019
6,11013
7,11006
7,10999
3,10996
6,10990
8,10982
6,10976
7,10969
6,10963
11,10952
6,10946
13,10933
8,10925
7,10918
6,10912
8,10904
5,10899
5,10894
7,10887
7,10880
7,10873
6,10867
7,10860
7,10853
8,10845
6,10839
7,10832
7,10825
7,10818
6,10812
7,10805
6,10799
9,10790
6,10784
4,10780
9,10771
8,10763
7,10756
6,10750
7,10743
7,10736
6,10730
8,10722
7,10715
7,10708
6,10702
7,10695
4,10691
8,10683
7,10676
7,10669
6,10663
8,10655
6,10649
7,10642
7,10635
10,10625
10,10615
8,10607
6,10601
11,10590
3,10587
7,10580
7,10573
6,10567
9,10558
6,10552
8,10544
6,10538
7,10531
9,10522
6,10516
6,10510
7,10503
7,10496
8,10488
5,10483
4,10479
7,10472
7,10465
13,10452
10,10442
6,10436
7,10429
8,10421
12,10409
7,10402
7,10395
6,10389
8,10381
8,10373
3,10370
8,10362
8,10354
9,10345
7,10338
11,10327
8,10319
7,10312
6,10306
7,10299
7,10292
8,10284
10,10274
7,10267
3,10264
8,10256
7,10249
6,10243
7,10236
7,10229
11,10218
8,10210
8,10202
7,10195
7,10188
8,10180
6,10174
7,10167
10,10157
8,10149
7,10142
6,10136
7,10129
8,10121
8,10113
6,10107
10,10097
8,10089
8,10081
7,10074
6,10068
7,10061
7,10054
4,10050
7,10043
8,10035
8,10027
6,10021
8,10013
7,10006
7,9999
7,9992
6,9986
11,9975
11,9964
9,9955
3,9952
8,9944
7,9937
6,9931
11,9920
7,9913
7,9906
7,9899
7,9892
7,9885
7,9878
9,9869
6,9863
8,9855
5,9850
7,9843
7,9836
7,9829
7,9822
7,9815
7,9808
8,9800
8,9792
6,9786
7,9779
5,9774
9,9765
8,9757
7,9750
3,9747
11,9736
9,9727
6,9721
7,9714
8,9706
8,9698
7,9691
7,9684
8,9676
7,9669
8,9661
7,9654
7,9647
3,9644
7,9637
7,9630
9,9621
7,9614
8,9606
7,9599
8,9591
7,9584
7,9577
7,9570
7,9563
11,9552
7,9545
5,9540
7,9533
7,9526
8,9518
7,9511
7,9504
8,9496
8,9488
8,9480
7,9473
7,9466
7,9459
8,9451
8,9443
7,9436
4,9432
7,9425
8,9417
10,9407
6,9401
8,9393
7,9386
7,9379
14,9365
7,9358
7,9351
7,9344
8,9336
7,9329
8,9321
4,9317
11,9306
8,9298
7,9291
8,9283
7,9276
7,9269
8,9261
7,9254
8,9246
8,9238
7,9231
8,9223
7,9216
7,9209
4,9205
8,9197
8,9189
7,9182
9,9173
9,9164
7,9157
8,9149
9,9140
7,9133
10,9123
11,9112
7,9105
7,9098
7,9091
4,9087
8,9079
7,9072
7,9065
8,9057
7,9050
8,9042
7,9035
8,9027
8,9019
7,9012
8,9004
7,8997
9,8988
8,8980
6,8974
16,8958
8,8950
8,8942
7,8935
9,8926
7,8919
7,8912
7,8905
11,8894
9,8885
7,8878
8,8870
8,8862
12,8850
8,8842
7,8835
7,8828
8,8820
8,8812
7,8805
8,8797
7,8790
11,8779
9,8770
9,8761
7,8754
4,8750
8,8742
8,8734
8,8726
7,8719
8,8711
7,8704
8,8696
6,8690
9,8681
8,8673
8,8665
8,8657
8,8649
3,8646
8,8638
7,8631
9,8622
8,8614
7,8607
11,8596
10,8586
16,8570
7,8563
8,8555
8,8547
8,8539
7,8532
7,8525
4,8521
8,8513
8,8505
9,8496
8,8488
8,8480
7,8473
9,8464
7,8457
8,8449
7,8442
8,8434
8,8426
8,8418
3,8415
9,8406
7,8399
10,8389
11,8378
8,8370
7,8363
9,8354
8,8346
8,8338
11,8327
9,8318
8,8310
8,8302
4,8298
7,8291
8,8283
8,8275
8,8267
8,8259
7,8252
8,8244
7,8237
11,8226
8,8218
7,8211
8,8203
15,8188
9,8179
8,8171
10,8161
8,8153
15,8138
7,8131
8,8123
8,8115
9,8106
8,8098
8,8090
8,8082
8,8074
4,8070
8,8062
8,8054
8,8046
8,8038
9,8029
7,8022
8,8014
9,8005
7,7998
9,7989
8,7981
8,7973
8,7965
4,7961
12,7949
10,7939
7,7932
8,7924
8,7916
9,7907
7,7900
8,7892
8,7884
8,7876
9,7867
13,7854
7,7847
8,7839
13,7826
12,7814
9,7805
9,7796
11,7785
9,7776
7,7769
9,7760
8,7752
9,7743
8,7735
8,7727
7,7720
8,7712
11,7701
6,7695
9,7686
9,7677
8,7669
9,7660
7,7653
9,7644
8,7636
8,7628
5,7623
8,7615
7,7608
7,7601
11,7590
10,7580
8,7572
13,7559
8,7551
8,7543
9,7534
8,7526
12,7514
8,7506
3,7503
9,7494
8,7486
10,7476
8,7468
8,7460
9,7451
8,7443
8,7435
9,7426
8,7418
10,7408
8,7400
9,7391
4,7387
8,7379
8,7371
9,7362
7,7355
10,7345
8,7337
6,7331
11,7320
8,7312
7,7305
17,7288
15,7273
9,7264
8,7256
4,7252
7,7245
10,7235
6,7229
11,7218
9,7209
9,7200
9,7191
8,7183
9,7174
8,7166
9,7157
9,7148
8,7140
7,7133
6,7127
8,7119
9,7110
10,7100
13,7087
8,7079
12,7067
8,7059
12,7047
9,7038
9,7029
9,7020
9,7011
5,7006
10,6996
8,6988
9,6979
9,6970
8,6962
8,6954
7,6947
10,6937
9,6928
9,6919
9,6910
8,6902
8,6894
6,6888
8,6880
10,6870
8,6862
8,6854
4,6850
11,6839
14,6825
9,6816
9,6807
11,6796
9,6787
9,6778
9,6769
8,6761
5,6756
9,6747
8,6739
10,6729
8,6721
11,6710
8,6702
9,6693
8,6685
9,6676
9,6667
17,6650
7,6643
6,6637
9,6628
9,6619
12,6607
9,6598
12,6586
11,6575
10,6565
9,6556
10,6546
8,6538
10,6528
9,6519
9,6510
9,6501
4,6497
9,6488
9,6479
9,6470
9,6461
8,6453
10,6443
10,6433
8,6425
9,6416
10,6406
14,6392
9,6383
8,6375
10,6365
5,6360
8,6352
14,6338
9,6329
9,6320
12,6308
13,6295
8,6287
9,6278
9,6269
7,6262
12,6250
8,6242
9,6233
9,6224
9,6215
11,6204
9,6195
9,6186
8,6178
8,6170
12,6158
10,6148
7,6141
14,6127
7,6120
12,6108
10,6098
9,6089
10,6079
9,6070
10,6060
8,6052
10,6042
9,6033
9,6024
8,6016
9,6007
13,5994
9,5985
7,5978
5,5973
16,5957
4,5953
9,5944
9,5935
10,5925
10,5915
9,5906
10,5896
13,5883
12,5871
9,5862
8,5854
11,5843
10,5833
7,5826
6,5820
9,5811
6,5805
13,5792
10,5782
9,5773
9,5764
8,5756
11,5745
10,5735
5,5730
12,5718
12,5706
10,5696
10,5686
5,5681
10,5671
9,5662
10,5652
9,5643
9,5634
10,5624
10,5614
9,5605
9,5596
10,5586
13,5573
9,5564
10,5554
8,5546
7,5539
10,5529
8,5521
11,5510
8,5502
11,5491
10,5481
11,5470
8,5462
10,5452
6,5446
8,5438
13,5425
8,5417
10,5407
8,5399
9,5390
10,5380
7,5373
14,5359
9,5350
10,5340
9,5331
10,5321
7,5314
10,5304
8,5296
5,5291
6,5285
4,5281
11,5270
9,5261
6,5255
13,5242
11,5231
10,5221
8,5213
10,5203
10,5193
8,5185
10,5175
8,5167
9,5158
13,5145
6,5139
10,5129
11,5118
9,5109
9,5100
10,5090
8,5082
4,5078
14,5064
9,5055
8,5047
10,5037
17,5020
11,5009
9,5000
11,4989
9,4980
5,4975
10,4965
11,4954
8,4946
10,4936
11,4925
10,4915
10,4905
9,4896
10,4886
7,4879
8,4871
13,4858
9,4849
6,4843
11,4832
11,4821
10,4811
11,4800
10,4790
11,4779
8,4771
13,4758
10,4748
9,4739
9,4730
7,4723
10,4713
12,4701
11,4690
5,4685
9,4676
9,4667
9,4658
13,4645
12,4633
10,4623
9,4614
11,4603
9,4594
10,4584
7,4577
11,4566
10,4556
8,4548
7,4541
12,4529
9,4520
9,4511
7,4504
11,4493
9,4484
9,4475
8,4467
10,4457
7,4450
10,4440
10,4430
11,4419
8,4411
9,4402
8,4394
7,4387
20,4367
9,4358
10,4348
10,4338
8,4330
5,4325
17,4308
12,4296
11,4285
10,4275
12,4263
14,4249
5,4244
12,4232
9,4223
8,4215
11,4204
11,4193
13,4180
6,4174
9,4165
11,4154
9,4145
10,4135
8,4127
8,4119
8,4111
11,4100
8,4092
11,4081
9,4072
14,4058
10,4048
10,4038
12,4026
7,4019
8,4011
18,3993
9,3984
8,3976
12,3964
8,3956
6,3950
15,3935
5,3930
9,3921
10,3911
11,3900
7,3893
9,3884
9,3875
9,3866
6,3860
11,3849
10,3839
7,3832
10,3822
8,3814
9,3805
12,3793
8,3785
9,3776
10,3766
10,3756
9,3747
8,3739
13,3726
11,3715
11,3704
10,3694
10,3684
10,3674
8,3666
10,3656
7,3649
10,3639
7,3632
8,3624
8,3616
14,3602
12,3590
11,3579
9,3570
5,3565
14,3551
11,3540
8,3532
9,3523
7,3516
8,3508
7,3501
9,3492
8,3484
5,3479
6,3473
5,3468
9,3459
9,3450
6,3444
10,3434
8,3426
10,3416
13,3403
6,3397
11,3386
11,3375
5,3370
6,3364
6,3358
14,3344
11,3333
9,3324
7,3317
12,3305
5,3300
9,3291
6,3285
15,3270
6,3264
12,3252
6,3246
7,3239
10,3229
6,3223
17,3206
10,3196
8,3188
5,3183
11,3172
6,3166
6,3160
9,3151
5,3146
6,3140
10,3130
11,3119
9,3110
9,3101
8,3093
11,3082
8,3074
13,3061
6,3055
5,3050
11,3039
9,3030
8,3022
6,3016
4,3012
8,3004
11,2993
10,2983
6,2977
10,2967
9,2958
9,2949
9,2940
7,2933
10,2923
8,2915
11,2904
10,2894
5,2889
4,2885
17,2868
9,2859
6,2853
10,2843
9,2834
8,2826
10,2816
10,2806
9,2797
8,2789
9,2780
9,2771
7,2764
18,2746
7,2739
10,2729
6,2723
10,2713
7,2706
14,2692
7,2685
4,2681
15,2666
9,2657
9,2648
10,2638
7,2631
8,2623
10,2613
8,2605
10,2595
10,2585
9,2576
7,2569
5,2564
15,2549
11,2538
12,2526
8,2518
8,2510
10,2500
8,2492
11,2481
11,2470
11,2459
8,2451
5,2446
12,2434
9,2425
4,2421
12,2409
9,2400
10,2390
8,2382
9,2373
9,2364
9,2355
10,2345
8,2337
9,2328
11,2317
8,2309
10,2299
7,2292
4,2288
8,2280
9,2271
11,2260
7,2253
9,2244
10,2234
9,2225
7,2218
11,2207
10,2197
9,2188
11,2177
4,2173
11,2162
8,2154
8,2146
10,2136
15,2121
15,2106
8,2098
14,2084
13,2071
6,2065
12,2053
8,2045
9,2036
9,2027
7,2020
9,2011
7,2004
6,1998
7,1991
10,1981
10,1971
11,1960
6,1954
7,1947
15,1932
6,1926
17,1909
11,1898
13,1885
5,1880
5,1875
16,1859
5,1854
10,1844
7,1837
9,1828
7,1821
11,1810
11,1799
7,1792
7,1785
10,1775
7,1768
13,1755
13,1742
14,1728
6,1722
8,1714
9,1705
9,1696
8,1688
13,1675
8,1667
8,1659
5,1654
13,1641
8,1633
9,1624
6,1618
7,1611
13,1598
8,1590
8,1582
7,1575
9,1566
11,1555
9,1546
8,1538
9,1529
9,1520
9,1511
5,1506
11,1495
9,1486
11,1475
7,1468
14,1454
6,1448
11,1437
9,1428
6,1422
11,1411
12,1399
5,1394
9,1385
7,1378
13,1365
6,1359
10,1349
7,1342
14,1328
9,1319
11,1308
4,1304
13,1291
7,1284
7,1277
10,1267
9,1258
11,1247
7,1240
8,1232
12,1220
7,1213
8,1205
8,1197
8,1189
12,1177
7,1170
5,1165
7,1158
11,1147
10,1137
9,1128
15,1113
16,1097
12,1085
8,1077
11,1066
7,1059
8,1051
8,1043
8,1035
8,1027
9,1018
9,1009
11,998
6,992
9,983
11,972
7,965
11,954
8,946
8,938
9,929
9,920
10,910
5,905
10,895
6,889
12,877
7,870
12,858
8,850
8,842
9,833
9,824
8,816
7,809
9,800
8,792
10,782
8,774
11,763
12,751
14,737
13,724
5,719
17,702
8,694
10,684
7,677
6,671
11,660
9,651
9,642
7,635
5,630
7,623
10,613
10,603
11,592
6,586
11,575
9,566
6,560
10,550
10,540
11,529
8,521
9,512
6,506
13,493
8,485
6,479
11,468
7,461
9,452
8,444
20,424
7,417
8,409
9,400
8,392
12,380
16,364
9,355
6,349
10,339
10,329
6,323
12,311
7,304
19,285
9,276
9,267
8,259
8,251
4,247
13,234
8,226
7,219
7,212
10,202
8,194
8,186
11,175
8,167
9,158
7,151
11,140
8,132
7,125
10,115
16,99
10,89
13,76
5,71
16,55
8,47
9,38
8,30
9,21
8,13
13,0